identifier,unit,date,value
HKQuantityTypeIdentifierRestingHeartRate,count/min,2026-08-03,61.0
HKQuantityTypeIdentifierRestingHeartRate,count/min,2026-08-04,60.8
HKQuantityTypeIdentifierRestingHeartRate,count/min,2026-08-05,60.1
HKQuantityTypeIdentifierRestingHeartRate,count/min,2026-08-06,59.1
HKQuantityTypeIdentifierRestingHeartRate,count/min,2026-08-07,57.9
HKQuantityTypeIdentifierRestingHeartRate,count/min,2026-08-08,56.8
HKQuantityTypeIdentifierRestingHeartRate,count/min,2026-08-09,55.8
HKQuantityTypeIdentifierRestingHeartRate,count/min,2026-08-10,55.2
HKQuantityTypeIdentifierRestingHeartRate,count/min,2026-08-11,55.0
HKQuantityTypeIdentifierRestingHeartRate,count/min,2026-08-14,57.1
HKQuantityTypeIdentifierRestingHeartRate,count/min,2026-08-15,58.3
HKQuantityTypeIdentifierRestingHeartRate,count/min,2026-08-16,59.4
HKQuantityTypeIdentifierRestingHeartRate,count/min,2026-08-17,60.3
HKQuantityTypeIdentifierRestingHeartRate,count/min,2026-08-18,60.9
HKQuantityTypeIdentifierRestingHeartRate,count/min,2026-08-19,61.0
HKQuantityTypeIdentifierRestingHeartRate,count/min,2026-08-20,60.6
HKQuantityTypeIdentifierRestingHeartRate,count/min,2026-08-21,59.8
HKQuantityTypeIdentifierRestingHeartRate,count/min,2026-08-22,58.8
HKQuantityTypeIdentifierRestingHeartRate,count/min,2026-08-23,57.6
HKQuantityTypeIdentifierRestingHeartRate,count/min,2026-08-24,56.4
HKQuantityTypeIdentifierRestingHeartRate,count/min,2026-08-25,55.6
HKQuantityTypeIdentifierRestingHeartRate,count/min,2026-08-26,55.1
HKQuantityTypeIdentifierRestingHeartRate,count/min,2026-08-27,55.0
HKQuantityTypeIdentifierRestingHeartRate,count/min,2026-08-28,55.5
HKQuantityTypeIdentifierRestingHeartRate,count/min,2026-08-29,56.3
HKQuantityTypeIdentifierRestingHeartRate,count/min,2026-08-30,57.4
