date,sleep_hours,resting_heart_rate_bpm,recorded_workouts
2026-08-03,7.333333333333333,61.0,1
2026-08-04,7.716666666666667,60.8,0
2026-08-05,7.9,60.1,1
2026-08-06,7.833333333333333,59.1,0
2026-08-07,7.533333333333333,57.9,0
2026-08-08,7.133333333333334,56.8,1
2026-08-09,6.816666666666666,55.8,0
2026-08-10,6.766666666666667,55.2,1
2026-08-11,6.966666666666667,55.0,0
2026-08-12,,,1
2026-08-13,,,0
2026-08-14,7.916666666666667,57.1,0
2026-08-15,7.833333333333333,58.3,1
2026-08-16,7.516666666666667,59.4,0
2026-08-17,7.116666666666666,60.3,1
2026-08-18,6.816666666666666,60.9,0
2026-08-19,6.766666666666667,61.0,1
2026-08-20,6.966666666666667,60.6,0
2026-08-21,7.35,59.8,0
2026-08-22,7.716666666666667,58.8,1
2026-08-23,7.916666666666667,57.6,0
2026-08-24,7.833333333333333,56.4,1
2026-08-25,,55.6,0
2026-08-26,7.116666666666666,55.1,1
2026-08-27,6.816666666666666,55.0,0
2026-08-28,6.766666666666667,55.5,0
2026-08-29,6.983333333333333,56.3,1
2026-08-30,7.366666666666666,57.4,0
