date,start,end,inBedMinutes,asleepMinutes,stages.core,stages.deep,stages.rem,stages.unspecified,stages.awake,sources
2026-08-03,1785688800000,1785715200000,460,440,310,60,70,0,20,1
2026-08-04,1785773820000,1785801600000,483,463,333,60,70,0,20,1
2026-08-05,1785859560000,1785888000000,494,474,344,60,70,0,20,1
2026-08-06,1785946200000,1785974400000,490,470,340,60,70,0,20,1
2026-08-07,1786033680000,1786060800000,472,452,322,60,70,0,20,1
2026-08-08,1786121520000,1786147200000,448,428,298,60,70,0,20,1
2026-08-09,1786209060000,1786233600000,429,409,279,60,70,0,20,1
2026-08-10,1786295640000,1786320000000,426,406,276,60,70,0,20,1
2026-08-11,1786381320000,1786406400000,438,418,288,60,70,0,20,1
2026-08-14,1786637100000,1786665600000,495,475,345,60,70,0,20,1
2026-08-15,1786723800000,1786752000000,490,470,340,60,70,0,20,1
2026-08-16,1786811340000,1786838400000,471,451,321,60,70,0,20,1
2026-08-17,1786899180000,1786924800000,447,427,297,60,70,0,20,1
2026-08-18,1786986660000,1787011200000,429,409,279,60,70,0,20,1
2026-08-19,1787073240000,1787097600000,426,406,276,60,70,0,20,1
2026-08-20,1787158920000,1787184000000,438,418,288,60,70,0,20,1
2026-08-21,1787243940000,1787270400000,461,441,311,60,70,0,20,1
2026-08-22,1787329020000,1787356800000,483,463,333,60,70,0,20,1
2026-08-23,1787414700000,1787443200000,495,475,345,60,70,0,20,1
2026-08-24,1787501400000,1787529600000,490,470,340,60,70,0,20,1
2026-08-26,1787676780000,1787702400000,447,427,297,60,70,0,20,1
2026-08-27,1787764260000,1787788800000,429,409,279,60,70,0,20,1
2026-08-28,1787850840000,1787875200000,426,406,276,60,70,0,20,1
2026-08-29,1787936460000,1787961600000,439,419,289,60,70,0,20,1
2026-08-30,1788021480000,1788048000000,462,442,312,60,70,0,20,1
