uuid,activityType,start,end,durationS,distanceM,energyKcal,hasRoute,availableMetrics
1d6fdf30-06ac-55de-bb74-6d8f04647c49,running,1785740400000,1785742200000,1800,5000,300,false,
92a9b318-ea6b-51a5-baec-8e4d7da3a57d,running,1785913200000,1785915000000,1800,5000,300,false,
e0dd67b7-bb23-5c91-9340-898c4e6a9098,running,1786172400000,1786174200000,1800,5000,300,false,
c6696a30-bd0c-5edd-bbb2-2b80aa5c1fd6,running,1786345200000,1786347000000,1800,5000,300,false,
db718f0b-bb04-5784-922b-9f7545eaa983,running,1786518000000,1786519800000,1800,5000,300,false,
6a735850-1c1d-5110-9ebe-e63024fe808d,running,1786777200000,1786779000000,1800,5000,300,false,
5df85612-5f44-5900-9e54-d8197e5344b2,running,1786950000000,1786951800000,1800,5000,300,false,
9f94ca07-4eb7-5fc5-b422-11de296ea8ea,running,1787122800000,1787124600000,1800,5000,300,false,
f3257d91-d5ed-5628-9d00-21188331e42a,running,1787382000000,1787383800000,1800,5000,300,false,
6fe193d2-329f-5897-b628-37aaf2bf602c,running,1787554800000,1787556600000,1800,5000,300,false,
6b03d8e3-d5ed-5aa2-b4aa-b114a40615df,running,1787727600000,1787729400000,1800,5000,300,false,
3feeda05-79ec-513a-b2e8-d1137d7f7132,running,1787986800000,1787988600000,1800,5000,300,false,
